Gen1,Gen2,Gen3
00001-Production & Business Activity,00003-Industrial Production & Capacity Utilization,33938-Automotive Production Seasonal Factor
00001-Production & Business Activity,00097-Housing,32300-Housing Units Authorized by Building Permits
00001-Production & Business Activity,00097-Housing,"32301-Housing Units Authorized, But Not Yet Started"
00001-Production & Business Activity,00097-Housing,32302-Housing Starts
00001-Production & Business Activity,00097-Housing,32303-Housing Units Under Construction
00001-Production & Business Activity,00097-Housing,32304-Housing Units Completed
00001-Production & Business Activity,00097-Housing,32426-New Residential Sales
00001-Production & Business Activity,00097-Housing,33949-Manufactured Housing
00001-Production & Business Activity,32429-Manufacturing,32432-Inventories
00001-Production & Business Activity,32429-Manufacturing,32431-New Orders
00001-Production & Business Activity,32429-Manufacturing,32433-Inventory to Shipments
00001-Production & Business Activity,32429-Manufacturing,32435-Unfilled Orders
00001-Production & Business Activity,32429-Manufacturing,32434-Unfilled Orders to Shipments
00001-Production & Business Activity,32429-Manufacturing,32430-Shipments
"00010-Population, Employment, & Labor Markets",00002-Productivity & Costs,32349-Manufacturing
"00010-Population, Employment, & Labor Markets",00002-Productivity & Costs,32350-Business
"00010-Population, Employment, & Labor Markets",00002-Productivity & Costs,32351-Nonfarm Business
"00010-Population, Employment, & Labor Markets",00002-Productivity & Costs,32354-Nonfinancial Corporations
"00010-Population, Employment, & Labor Markets",00011-Current Employment Statistics (Establishment Survey),32305-Total Nonfarm
"00010-Population, Employment, & Labor Markets",00011-Current Employment Statistics (Establishment Survey),32306-Total Private
"00010-Population, Employment, & Labor Markets",00011-Current Employment Statistics (Establishment Survey),32307-Goods-Producing
"00010-Population, Employment, & Labor Markets",00011-Current Employment Statistics (Establishment Survey),32326-Service-Providing
"00010-Population, Employment, & Labor Markets",00011-Current Employment Statistics (Establishment Survey),32308-Private Service-Providing
"00010-Population, Employment, & Labor Markets",00011-Current Employment Statistics (Establishment Survey),32309-Mining and Logging
"00010-Population, Employment, & Labor Markets",00011-Current Employment Statistics (Establishment Survey),32310-Construction
"00010-Population, Employment, & Labor Markets",00011-Current Employment Statistics (Establishment Survey),32311-Manufacturing
"00010-Population, Employment, & Labor Markets",00011-Current Employment Statistics (Establishment Survey),32312-Durable Goods
"00010-Population, Employment, & Labor Markets",00011-Current Employment Statistics (Establishment Survey),32313-Nondurable Goods
"00010-Population, Employment, & Labor Markets",00011-Current Employment Statistics (Establishment Survey),"32314-Trade, Transportation, and Utilities"
"00010-Population, Employment, & Labor Markets",00011-Current Employment Statistics (Establishment Survey),32315-Wholesale Trade
"00010-Population, Employment, & Labor Markets",00011-Current Employment Statistics (Establishment Survey),32316-Retail Trade
"00010-Population, Employment, & Labor Markets",00011-Current Employment Statistics (Establishment Survey),32317-Transportation and Warehousing
"00010-Population, Employment, & Labor Markets",00011-Current Employment Statistics (Establishment Survey),32318-Utilities
"00010-Population, Employment, & Labor Markets",00011-Current Employment Statistics (Establishment Survey),32319-Information
"00010-Population, Employment, & Labor Markets",00011-Current Employment Statistics (Establishment Survey),32320-Financial Activities
"00010-Population, Employment, & Labor Markets",00011-Current Employment Statistics (Establishment Survey),32321-Professional and Business Services
"00010-Population, Employment, & Labor Markets",00011-Current Employment Statistics (Establishment Survey),32322-Education and Health Services
"00010-Population, Employment, & Labor Markets",00011-Current Employment Statistics (Establishment Survey),32323-Leisure and Hospitality
"00010-Population, Employment, & Labor Markets",00011-Current Employment Statistics (Establishment Survey),32324-Other Services
"00010-Population, Employment, & Labor Markets",00011-Current Employment Statistics (Establishment Survey),32325-Government
"00010-Population, Employment, & Labor Markets",00012-Current Population Survey (Household Survey),32442-Civilian Labor Force
"00010-Population, Employment, & Labor Markets",00012-Current Population Survey (Household Survey),32443-Civilian Labor Force Participation Rate
"00010-Population, Employment, & Labor Markets",00012-Current Population Survey (Household Survey),32444-Employment
"00010-Population, Employment, & Labor Markets",00012-Current Population Survey (Household Survey),32445-Employment Population Ratio
"00010-Population, Employment, & Labor Markets",00012-Current Population Survey (Household Survey),32446-Unemployment Level
"00010-Population, Employment, & Labor Markets",00012-Current Population Survey (Household Survey),32447-Unemployment Rate
"00010-Population, Employment, & Labor Markets",00012-Current Population Survey (Household Survey),32448-Not in Labor Force
"00010-Population, Employment, & Labor Markets",00012-Current Population Survey (Household Survey),32449-Labor Force Participation Rate
"00010-Population, Employment, & Labor Markets",00012-Current Population Survey (Household Survey),32450-Multiple Jobholders
"00010-Population, Employment, & Labor Markets",00012-Current Population Survey (Household Survey),32451-Duration of Unemployment
"00010-Population, Employment, & Labor Markets",00012-Current Population Survey (Household Survey),32452-Losers and Leavers
"00010-Population, Employment, & Labor Markets",00012-Current Population Survey (Household Survey),33501-Earnings
"00010-Population, Employment, & Labor Markets",00012-Current Population Survey (Household Survey),32453-Entrants and Reentrants
"00010-Population, Employment, & Labor Markets",00012-Current Population Survey (Household Survey),33502-Labor Force Status Flows
"00010-Population, Employment, & Labor Markets",00104-Population,33735-Poverty Measures
"00010-Population, Employment, & Labor Markets",00104-Population,33514-Supplemental Nutrition Assistance Program
"00010-Population, Employment, & Labor Markets",32241-Job Openings and Labor Turnover (JOLTS),32243-Job Openings (Levels and Rates)
"00010-Population, Employment, & Labor Markets",32241-Job Openings and Labor Turnover (JOLTS),32245-Hires (Levels and Rates)
"00010-Population, Employment, & Labor Markets",32241-Job Openings and Labor Turnover (JOLTS),32246-Total Separations (Levels and Rates)
"00010-Population, Employment, & Labor Markets",32241-Job Openings and Labor Turnover (JOLTS),32247-Quits (Levels and Rates)
"00010-Population, Employment, & Labor Markets",32241-Job Openings and Labor Turnover (JOLTS),32248-Layoffs and Discharges (Levels and Rates)
"00010-Population, Employment, & Labor Markets",32241-Job Openings and Labor Turnover (JOLTS),32249-Other Separations (Levels and Rates)
03008-U.S. Regional Data,27281-States,27282-Alabama
03008-U.S. Regional Data,27281-States,27283-Alaska
03008-U.S. Regional Data,27281-States,27284-Arizona
03008-U.S. Regional Data,27281-States,00149-Arkansas
03008-U.S. Regional Data,27281-States,27286-California
03008-U.S. Regional Data,27281-States,27287-Colorado
03008-U.S. Regional Data,27281-States,27288-Connecticut
03008-U.S. Regional Data,27281-States,27289-Delaware
03008-U.S. Regional Data,27281-States,27290-District of Columbia
03008-U.S. Regional Data,27281-States,27291-Florida
03008-U.S. Regional Data,27281-States,27292-Georgia
03008-U.S. Regional Data,27281-States,27293-Hawaii
03008-U.S. Regional Data,27281-States,27294-Idaho
03008-U.S. Regional Data,27281-States,00150-Illinois
03008-U.S. Regional Data,27281-States,00151-Indiana
03008-U.S. Regional Data,27281-States,27297-Iowa
03008-U.S. Regional Data,27281-States,27298-Kansas
03008-U.S. Regional Data,27281-States,00152-Kentucky
03008-U.S. Regional Data,27281-States,27300-Louisiana
03008-U.S. Regional Data,27281-States,27301-Maine
03008-U.S. Regional Data,27281-States,27302-Maryland
03008-U.S. Regional Data,27281-States,27303-Massachusetts
03008-U.S. Regional Data,27281-States,27304-Michigan
03008-U.S. Regional Data,27281-States,27305-Minnesota
03008-U.S. Regional Data,27281-States,00153-Mississippi
03008-U.S. Regional Data,27281-States,00154-Missouri
03008-U.S. Regional Data,27281-States,27308-Montana
03008-U.S. Regional Data,27281-States,27309-Nebraska
03008-U.S. Regional Data,27281-States,27310-Nevada
03008-U.S. Regional Data,27281-States,27311-New Hampshire
03008-U.S. Regional Data,27281-States,27312-New Jersey
03008-U.S. Regional Data,27281-States,27313-New Mexico
03008-U.S. Regional Data,27281-States,27314-New York
03008-U.S. Regional Data,27281-States,27315-North Carolina
03008-U.S. Regional Data,27281-States,27316-North Dakota
03008-U.S. Regional Data,27281-States,27317-Ohio
03008-U.S. Regional Data,27281-States,27318-Oklahoma
03008-U.S. Regional Data,27281-States,27319-Oregon
03008-U.S. Regional Data,27281-States,27320-Pennsylvania
03008-U.S. Regional Data,27281-States,33504-Puerto Rico
03008-U.S. Regional Data,27281-States,27322-Rhode Island
03008-U.S. Regional Data,27281-States,27323-South Carolina
03008-U.S. Regional Data,27281-States,27324-South Dakota
03008-U.S. Regional Data,27281-States,00193-Tennessee
03008-U.S. Regional Data,27281-States,27326-Texas
03008-U.S. Regional Data,27281-States,27328-Utah
03008-U.S. Regional Data,27281-States,27329-Vermont
03008-U.S. Regional Data,27281-States,33605-Virgin Islands
03008-U.S. Regional Data,27281-States,27330-Virginia
03008-U.S. Regional Data,27281-States,27332-West Virginia
03008-U.S. Regional Data,27281-States,27331-Washington
03008-U.S. Regional Data,27281-States,27333-Wisconsin
03008-U.S. Regional Data,27281-States,27334-Wyoming
03008-U.S. Regional Data,32043-Census Regions,32044-Midwest
03008-U.S. Regional Data,32043-Census Regions,32045-Northeast
03008-U.S. Regional Data,32043-Census Regions,32046-South
03008-U.S. Regional Data,32043-Census Regions,32047-West
03008-U.S. Regional Data,32061-BEA Regions,32062-Far West
03008-U.S. Regional Data,32061-BEA Regions,32063-Great Lakes
03008-U.S. Regional Data,32061-BEA Regions,32064-Mideast
03008-U.S. Regional Data,32061-BEA Regions,32065-New England
03008-U.S. Regional Data,32061-BEA Regions,32066-Plains
03008-U.S. Regional Data,32061-BEA Regions,32067-Rocky Mountain
03008-U.S. Regional Data,32061-BEA Regions,32068-Southeast
03008-U.S. Regional Data,32061-BEA Regions,32069-Southwest
03008-U.S. Regional Data,32061-BEA Regions,32063-Great Lakes
03008-U.S. Regional Data,32061-BEA Regions,32064-Mideast
03008-U.S. Regional Data,32061-BEA Regions,32065-New England
03008-U.S. Regional Data,32061-BEA Regions,32066-Plains
03008-U.S. Regional Data,32061-BEA Regions,32067-Rocky Mountain
03008-U.S. Regional Data,32061-BEA Regions,32068-Southeast
03008-U.S. Regional Data,32061-BEA Regions,32069-Southwest
03008-U.S. Regional Data,32071-Federal Reserve Districts,32146-Atlanta
03008-U.S. Regional Data,32071-Federal Reserve Districts,32147-Boston
03008-U.S. Regional Data,32071-Federal Reserve Districts,32148-Chicago
03008-U.S. Regional Data,32071-Federal Reserve Districts,32149-Cleveland
03008-U.S. Regional Data,32071-Federal Reserve Districts,32150-Dallas
03008-U.S. Regional Data,32071-Federal Reserve Districts,32151-Kansas City
03008-U.S. Regional Data,32071-Federal Reserve Districts,32152-Minneapolis
03008-U.S. Regional Data,32071-Federal Reserve Districts,32153-New York
03008-U.S. Regional Data,32071-Federal Reserve Districts,32155-Richmond
03008-U.S. Regional Data,32071-Federal Reserve Districts,32156-San Francisco
03008-U.S. Regional Data,32071-Federal Reserve Districts,00133-St. Louis
03008-U.S. Regional Data,32071-Federal Reserve Districts,32146-Atlanta
03008-U.S. Regional Data,32071-Federal Reserve Districts,32147-Boston
03008-U.S. Regional Data,32071-Federal Reserve Districts,32148-Chicago
03008-U.S. Regional Data,32071-Federal Reserve Districts,32149-Cleveland
03008-U.S. Regional Data,32071-Federal Reserve Districts,32150-Dallas
03008-U.S. Regional Data,32071-Federal Reserve Districts,32151-Kansas City
03008-U.S. Regional Data,32071-Federal Reserve Districts,32152-Minneapolis
03008-U.S. Regional Data,32071-Federal Reserve Districts,32153-New York
03008-U.S. Regional Data,32071-Federal Reserve Districts,32154-Philadelphia
03008-U.S. Regional Data,32071-Federal Reserve Districts,32155-Richmond
03008-U.S. Regional Data,32071-Federal Reserve Districts,32156-San Francisco
03008-U.S. Regional Data,32071-Federal Reserve Districts,00133-St. Louis
03008-U.S. Regional Data,32071-Federal Reserve Districts,32154-Philadelphia
03008-U.S. Regional Data,32233-Freddie Mac Regions,32236-North Central
03008-U.S. Regional Data,32233-Freddie Mac Regions,32234-Northeast
03008-U.S. Regional Data,32233-Freddie Mac Regions,32235-Southeast
03008-U.S. Regional Data,32233-Freddie Mac Regions,32237-Southwest
03008-U.S. Regional Data,32233-Freddie Mac Regions,32238-West
03008-U.S. Regional Data,32233-Freddie Mac Regions,32236-North Central
03008-U.S. Regional Data,32233-Freddie Mac Regions,32234-Northeast
03008-U.S. Regional Data,32233-Freddie Mac Regions,32235-Southeast
03008-U.S. Regional Data,32233-Freddie Mac Regions,32237-Southwest
03008-U.S. Regional Data,32233-Freddie Mac Regions,32238-West
03008-U.S. Regional Data,32849-BLS Regions,32851-Midwest Urban
03008-U.S. Regional Data,32849-BLS Regions,32850-Northeast Urban
03008-U.S. Regional Data,32849-BLS Regions,32852-South Urban
03008-U.S. Regional Data,32849-BLS Regions,32853-West Urban
03008-U.S. Regional Data,32849-BLS Regions,"32860-Population Size Class A (over 1,500,000)"
03008-U.S. Regional Data,32849-BLS Regions,"32861-Population Size Class B/C (between 50,000 and 1,500,000)"
03008-U.S. Regional Data,32849-BLS Regions,"32862-Population Size Class D (under 50,000)"
03008-U.S. Regional Data,32849-BLS Regions,32851-Midwest Urban
03008-U.S. Regional Data,32849-BLS Regions,32850-Northeast Urban
03008-U.S. Regional Data,32849-BLS Regions,32852-South Urban
03008-U.S. Regional Data,32849-BLS Regions,32853-West Urban
03008-U.S. Regional Data,32849-BLS Regions,"32860-Population Size Class A (over 1,500,000)"
03008-U.S. Regional Data,32849-BLS Regions,"32861-Population Size Class B/C (between 50,000 and 1,500,000)"
03008-U.S. Regional Data,32849-BLS Regions,"32862-Population Size Class D (under 50,000)"
32263-International Data,32264-Countries,32641-Afghanistan
32263-International Data,32264-Countries,32643-Albania
32263-International Data,32264-Countries,32644-Algeria
32263-International Data,32264-Countries,32645-American Samoa
32263-International Data,32264-Countries,32646-Andorra
32263-International Data,32264-Countries,32647-Angola
32263-International Data,32264-Countries,32648-Anguilla
32263-International Data,32264-Countries,32650-Antigua and Barbuda
32263-International Data,32264-Countries,32651-Argentina
32263-International Data,32264-Countries,32652-Armenia
32263-International Data,32264-Countries,32653-Aruba
32263-International Data,32264-Countries,32269-Australia
32263-International Data,32264-Countries,32282-Austria
32263-International Data,32264-Countries,32654-Azerbaijan
32263-International Data,32264-Countries,32655-Bahamas
32263-International Data,32264-Countries,32656-Bahrain
32263-International Data,32264-Countries,32657-Bangladesh
32263-International Data,32264-Countries,32658-Barbados
32263-International Data,32264-Countries,32659-Belarus
32263-International Data,32264-Countries,32270-Belgium
32263-International Data,32264-Countries,32660-Belize
32263-International Data,32264-Countries,32661-Benin
32263-International Data,32264-Countries,32662-Bermuda
32263-International Data,32264-Countries,32663-Bhutan
32263-International Data,32264-Countries,"32664-Bolivia, Plurinational State of"
32263-International Data,32264-Countries,32665-Caribbean Netherlands
32263-International Data,32264-Countries,32666-Bosnia and Herzegovina
32263-International Data,32264-Countries,32667-Botswana
32263-International Data,32264-Countries,32327-Brazil
32263-International Data,32264-Countries,32669-British Indian Ocean Territory
32263-International Data,32264-Countries,32670-Brunei Darussalam
32263-International Data,32264-Countries,32671-Bulgaria
32263-International Data,32264-Countries,32672-Burkina Faso
32263-International Data,32264-Countries,32673-Burundi
32263-International Data,32264-Countries,32674-Cambodia
32263-International Data,32264-Countries,32675-Cameroon
32263-International Data,32264-Countries,32268-Canada
32263-International Data,32264-Countries,32676-Cape Verde
32263-International Data,32264-Countries,32677-Cayman Islands
32263-International Data,32264-Countries,32678-Central African Republic
32263-International Data,32264-Countries,32679-Chad
32263-International Data,32264-Countries,32328-Chile
32263-International Data,32264-Countries,32329-China
32263-International Data,32264-Countries,32680-Christmas Island
32263-International Data,32264-Countries,32681-Cocos (Keeling) Islands
32263-International Data,32264-Countries,32682-Colombia
32263-International Data,32264-Countries,32683-Comoros
32263-International Data,32264-Countries,"32684-Congo, Republic of the"
32263-International Data,32264-Countries,"32685-Congo, Democratic Republic of the"
32263-International Data,32264-Countries,32686-Cook Islands
32263-International Data,32264-Countries,32687-Costa Rica
32263-International Data,32264-Countries,32688-Côte d’Ivoire
32263-International Data,32264-Countries,32689-Croatia
32263-International Data,32264-Countries,32690-Cuba
32263-International Data,32264-Countries,32691-Curaçao
32263-International Data,32264-Countries,32692-Cyprus
32263-International Data,32264-Countries,32288-Czech Republic
32263-International Data,32264-Countries,32271-Denmark
32263-International Data,32264-Countries,32693-Djibouti
32263-International Data,32264-Countries,32694-Dominica
32263-International Data,32264-Countries,32695-Dominican Republic
32263-International Data,32264-Countries,32696-Ecuador
32263-International Data,32264-Countries,32697-Egypt
32263-International Data,32264-Countries,32698-El Salvador
32263-International Data,32264-Countries,32699-Equatorial Guinea
32263-International Data,32264-Countries,32700-Eritrea
32263-International Data,32264-Countries,32701-Estonia
32263-International Data,32264-Countries,32702-Ethiopia
32263-International Data,32264-Countries,32703-Falkland Islands
32263-International Data,32264-Countries,32704-Faroe Islands
32263-International Data,32264-Countries,32705-Fiji
32263-International Data,32264-Countries,32289-Finland
32263-International Data,32264-Countries,32272-France
32263-International Data,32264-Countries,32706-French Guiana
32263-International Data,32264-Countries,32707-French Polynesia
32263-International Data,32264-Countries,32708-French Southern Territories
32263-International Data,32264-Countries,32709-Gabon
32263-International Data,32264-Countries,32710-Republic of the Gambia
32263-International Data,32264-Countries,32711-Georgia
32263-International Data,32264-Countries,32273-Germany
32263-International Data,32264-Countries,32712-Ghana
32263-International Data,32264-Countries,32713-Gibraltar
32263-International Data,32264-Countries,32330-Greece
32263-International Data,32264-Countries,32714-Greenland
32263-International Data,32264-Countries,32715-Grenada
32263-International Data,32264-Countries,32716-Guadeloupe
32263-International Data,32264-Countries,32717-Guam
32263-International Data,32264-Countries,32718-Guatemala
32263-International Data,32264-Countries,32720-Guinea
32263-International Data,32264-Countries,32721-Guinea-Bissau
32263-International Data,32264-Countries,32722-Guyana
32263-International Data,32264-Countries,32723-Haiti
32263-International Data,32264-Countries,32724-Heard Island and McDonald Islands
32263-International Data,32264-Countries,32725-Holy See (Vatican City State)
32263-International Data,32264-Countries,32726-Honduras
32263-International Data,32264-Countries,32727-Hong Kong
32263-International Data,32264-Countries,32331-Hungary
32263-International Data,32264-Countries,32334-Iceland
32263-International Data,32264-Countries,32333-India
32263-International Data,32264-Countries,32332-Indonesia
32263-International Data,32264-Countries,"32728-Iran, Islamic Republic of"
32263-International Data,32264-Countries,32729-Iraq
32263-International Data,32264-Countries,32290-Ireland
32263-International Data,32264-Countries,32730-Isle of Man
32263-International Data,32264-Countries,32335-Israel
32263-International Data,32264-Countries,32274-Italy
32263-International Data,32264-Countries,32731-Jamaica
32263-International Data,32264-Countries,32281-Japan
32263-International Data,32264-Countries,32733-Jordan
32263-International Data,32264-Countries,32734-Kazakhstan
32263-International Data,32264-Countries,32735-Kenya
32263-International Data,32264-Countries,32736-Kiribati
32263-International Data,32264-Countries,"32737-Korea, Democratic People's Republic of (North Korea)"
32263-International Data,32264-Countries,"32286-Korea, Republic of (South Korea)"
32263-International Data,32264-Countries,32738-Kuwait
32263-International Data,32264-Countries,32739-Kyrgyz Republic
32263-International Data,32264-Countries,32740-Lao People's Democratic Republic
32263-International Data,32264-Countries,32741-Latvia
32263-International Data,32264-Countries,32742-Lebanon
32263-International Data,32264-Countries,32743-Lesotho
32263-International Data,32264-Countries,32744-Liberia
32263-International Data,32264-Countries,32745-Libyan Arab Jamahiriya
32263-International Data,32264-Countries,32746-Liechtenstein
32263-International Data,32264-Countries,32747-Lithuania
32263-International Data,32264-Countries,32336-Luxembourg
32263-International Data,32264-Countries,32748-Macao
32263-International Data,32264-Countries,"32749-Macedonia, Former Yugoslav Republic of"
32263-International Data,32264-Countries,32750-Madagascar
32263-International Data,32264-Countries,32751-Malawi
32263-International Data,32264-Countries,32752-Malaysia
32263-International Data,32264-Countries,32753-Maldives
32263-International Data,32264-Countries,32754-Mali
32263-International Data,32264-Countries,32755-Malta
32263-International Data,32264-Countries,32756-Marshall Islands
32263-International Data,32264-Countries,32757-Martinique
32263-International Data,32264-Countries,32758-Mauritania
32263-International Data,32264-Countries,32759-Mauritius
32263-International Data,32264-Countries,32760-Mayotte
32263-International Data,32264-Countries,32337-Mexico
32263-International Data,32264-Countries,"32761-Micronesia, Federated States of"
32263-International Data,32264-Countries,"32762-Moldova, Republic of"
32263-International Data,32264-Countries,32763-Monaco
32263-International Data,32264-Countries,32764-Mongolia
32263-International Data,32264-Countries,32765-Montenegro
32263-International Data,32264-Countries,32766-Montserrat
32263-International Data,32264-Countries,32767-Morocco
32263-International Data,32264-Countries,32768-Mozambique
32263-International Data,32264-Countries,32769-Myanmar
32263-International Data,32264-Countries,32770-Namibia
32263-International Data,32264-Countries,32771-Nauru
32263-International Data,32264-Countries,32772-Nepal
32263-International Data,32264-Countries,32275-Netherlands
32263-International Data,32264-Countries,32773-New Caledonia
32263-International Data,32264-Countries,32338-New Zealand
32263-International Data,32264-Countries,32774-Nicaragua
32263-International Data,32264-Countries,32775-Niger
32263-International Data,32264-Countries,32776-Nigeria
32263-International Data,32264-Countries,32777-Niue
32263-International Data,32264-Countries,32778-Norfolk Island
32263-International Data,32264-Countries,32779-Northern Mariana Islands
32263-International Data,32264-Countries,32276-Norway
32263-International Data,32264-Countries,32780-Oman
32263-International Data,32264-Countries,32781-Pakistan
32263-International Data,32264-Countries,32782-Palau
32263-International Data,32264-Countries,32783-Palestinian Territories
32263-International Data,32264-Countries,32784-Panama
32263-International Data,32264-Countries,32785-Papua New Guinea
32263-International Data,32264-Countries,32786-Paraguay
32263-International Data,32264-Countries,32787-Peru
32263-International Data,32264-Countries,32788-Philippines
32263-International Data,32264-Countries,32789-Pitcairn
32263-International Data,32264-Countries,32339-Poland
32263-International Data,32264-Countries,32340-Portugal
32263-International Data,32264-Countries,32790-Puerto Rico
32263-International Data,32264-Countries,32791-Qatar
32263-International Data,32264-Countries,32792-Reunion
32263-International Data,32264-Countries,32793-Romania
32263-International Data,32264-Countries,32341-Russian Federation
32263-International Data,32264-Countries,32794-Rwanda
32263-International Data,32264-Countries,"32796-Saint Helena, Ascension and Tristan da Cunha"
32263-International Data,32264-Countries,32797-Saint Kitts and Nevis
32263-International Data,32264-Countries,32798-Saint Lucia
32263-International Data,32264-Countries,"32799-Saint Martin, Collectivity of"
32263-International Data,32264-Countries,32800-Saint Pierre and Miquelon
32263-International Data,32264-Countries,32801-Saint Vincent and the Grenadines
32263-International Data,32264-Countries,32802-Samoa
32263-International Data,32264-Countries,32803-San Marino
32263-International Data,32264-Countries,32804-Sao Tome and Principe
32263-International Data,32264-Countries,32805-Saudi Arabia
32263-International Data,32264-Countries,32806-Senegal
32263-International Data,32264-Countries,32807-Serbia
32263-International Data,32264-Countries,32808-Seychelles
32263-International Data,32264-Countries,32809-Sierra Leone
32263-International Data,32264-Countries,32287-Singapore
32263-International Data,32264-Countries,32810-Sint Maarten (Dutch part)
32263-International Data,32264-Countries,32342-Slovak Republic
32263-International Data,32264-Countries,32343-Slovenia
32263-International Data,32264-Countries,32811-Solomon Islands
32263-International Data,32264-Countries,32812-Somalia
32263-International Data,32264-Countries,32345-South Africa
32263-International Data,32264-Countries,32814-South Sudan
32263-International Data,32264-Countries,32277-Spain
32263-International Data,32264-Countries,32815-Sri Lanka
32263-International Data,32264-Countries,32816-Sudan
32263-International Data,32264-Countries,32817-Suriname
32263-International Data,32264-Countries,32818-Svalbard and Jan Mayen
32263-International Data,32264-Countries,32819-Swaziland
32263-International Data,32264-Countries,32278-Sweden
32263-International Data,32264-Countries,32279-Switzerland
32263-International Data,32264-Countries,32820-Syrian Arab Republic
32263-International Data,32264-Countries,32438-Taiwan
32263-International Data,32264-Countries,32821-Tajikistan
32263-International Data,32264-Countries,"32822-Tanzania, United Republic of"
32263-International Data,32264-Countries,32823-Thailand
32263-International Data,32264-Countries,32824-Timor-Leste
32263-International Data,32264-Countries,32825-Togo
32263-International Data,32264-Countries,32826-Tokelau
32263-International Data,32264-Countries,32827-Tonga
32263-International Data,32264-Countries,32828-Trinidad and Tobago
32263-International Data,32264-Countries,32829-Tunisia
32263-International Data,32264-Countries,32344-Turkey
32263-International Data,32264-Countries,32830-Turkmenistan
32263-International Data,32264-Countries,32831-Turks and Caicos Islands
32263-International Data,32264-Countries,32832-Tuvalu
32263-International Data,32264-Countries,32833-Uganda
32263-International Data,32264-Countries,32834-Ukraine
32263-International Data,32264-Countries,32835-United Arab Emirates
32263-International Data,32264-Countries,32280-United Kingdom
32263-International Data,32264-Countries,32267-United States
32263-International Data,32264-Countries,32837-Uruguay
32263-International Data,32264-Countries,32838-Uzbekistan
32263-International Data,32264-Countries,32839-Vanuatu
32263-International Data,32264-Countries,"32840-Venezuela, Bolivarian Republic of"
32263-International Data,32264-Countries,32841-Viet Nam
32263-International Data,32264-Countries,"32842-Virgin Islands, British"
32263-International Data,32264-Countries,"32843-Virgin Islands, U.S."
32263-International Data,32264-Countries,32844-Wallis and Futuna
32263-International Data,32264-Countries,32845-Western Sahara
32263-International Data,32264-Countries,"32846-Yemen, Republic of"
32263-International Data,32264-Countries,32946-Kosovo
32263-International Data,32264-Countries,32847-Zambia
32263-International Data,32264-Countries,32848-Zimbabwe
32263-International Data,32265-Indicators,"33000-Money, Banking, & Finance"
32263-International Data,32265-Indicators,32997-National Accounts
32263-International Data,32265-Indicators,"32999-Population, Employment, & Labor Markets"
32263-International Data,32265-Indicators,32294-Production & Business Activity
32263-International Data,32265-Indicators,32998-Prices
32263-International Data,32265-Indicators,33247-Consumer Price Index
32263-International Data,32265-Indicators,33254-Work Started
32263-International Data,32265-Indicators,33261-Consumer opinion surveys
32263-International Data,32265-Indicators,33274-Business tendency surveys (construction)
32263-International Data,32265-Indicators,33281-Business tendency surveys (services)
32263-International Data,32265-Indicators,33288-Business tendency surveys (manufacturing)
32263-International Data,32265-Indicators,33344-Business tendency surveys (retail trade)
32263-International Data,32265-Indicators,33368-Business tendency surveys (non-manufacturing)
32263-International Data,32955-Geography,32963-Africa
32263-International Data,32955-Geography,32964-Americas
32455-Prices,00009-Consumer Price Indexes (CPI and PCE),32415-Food and Beverages
32455-Prices,00009-Consumer Price Indexes (CPI and PCE),32416-Housing
32455-Prices,00009-Consumer Price Indexes (CPI and PCE),32417-Apparel
32455-Prices,00009-Consumer Price Indexes (CPI and PCE),32418-Transportation
32455-Prices,00009-Consumer Price Indexes (CPI and PCE),32419-Medical Care
32455-Prices,00009-Consumer Price Indexes (CPI and PCE),32420-Recreation
32455-Prices,00009-Consumer Price Indexes (CPI and PCE),32421-Education and Communication
32455-Prices,00009-Consumer Price Indexes (CPI and PCE),32422-Other Goods and Services
32455-Prices,00009-Consumer Price Indexes (CPI and PCE),32423-Commodity and Services Groups
32455-Prices,00009-Consumer Price Indexes (CPI and PCE),32424-Special Indexes
32455-Prices,00031-Producer Price Indexes (PPI),33583-Commodity Based
32455-Prices,00031-Producer Price Indexes (PPI),33584-Industry Based
32455-Prices,32220-Trade Indexes,32221-Import Price Indexes
32455-Prices,32220-Trade Indexes,32224-Export Price Indexes
32455-Prices,32220-Trade Indexes,32231-Services Price Indexes
"32991-Money, Banking, & Finance",00015-Exchange Rates,00094-Daily Rates
"32991-Money, Banking, & Finance",00015-Exchange Rates,00095-Monthly Rates
"32991-Money, Banking, & Finance",00015-Exchange Rates,32219-Annual Rates
"32991-Money, Banking, & Finance",00015-Exchange Rates,00105-Trade-Weighted Indexes
"32991-Money, Banking, & Finance",00015-Exchange Rates,00158-By Country
"32991-Money, Banking, & Finance",00022-Interest Rates,33058-Automobile Loan Rates
"32991-Money, Banking, & Finance",00022-Interest Rates,00051-Bankers Acceptance Rate
"32991-Money, Banking, & Finance",00022-Interest Rates,00121-Certificates of Deposit
"32991-Money, Banking, & Finance",00022-Interest Rates,00120-Commercial Paper
"32991-Money, Banking, & Finance",00022-Interest Rates,32348-Corporate Bonds
"32991-Money, Banking, & Finance",00022-Interest Rates,33059-Credit Card Loan Rates
"32991-Money, Banking, & Finance",00022-Interest Rates,32298-Eurodollar Deposits
"32991-Money, Banking, & Finance",00022-Interest Rates,"00118-FRB Rates - discount, fed funds, primary credit"
"32991-Money, Banking, & Finance",00022-Interest Rates,33056-Interest Checking Accounts
"32991-Money, Banking, & Finance",00022-Interest Rates,33446-Interest Rate Spreads
"32991-Money, Banking, & Finance",00022-Interest Rates,32299-Interest Rate Swaps
"32991-Money, Banking, & Finance",00022-Interest Rates,33003-LIBOR Rates
"32991-Money, Banking, & Finance",00022-Interest Rates,32995-Long-Term Securities
"32991-Money, Banking, & Finance",00022-Interest Rates,33055-Money Market Accounts
"32991-Money, Banking, & Finance",00022-Interest Rates,00114-Mortgage Rates
"32991-Money, Banking, & Finance",00022-Interest Rates,33057-Personal Loan Rates
"32991-Money, Banking, & Finance",00022-Interest Rates,00117-Prime Bank Loan Rate
"32991-Money, Banking, & Finance",00022-Interest Rates,33491-Saving Accounts
"32991-Money, Banking, & Finance",00022-Interest Rates,00116-Treasury Bills
"32991-Money, Banking, & Finance",00022-Interest Rates,00115-Treasury Constant Maturity
"32991-Money, Banking, & Finance",00022-Interest Rates,00082-Treasury Inflation-Indexed Securities
"32991-Money, Banking, & Finance",00023-Banking,00100-Commercial Banking
"32991-Money, Banking, & Finance",00023-Banking,00083-Condition of Banks
"32991-Money, Banking, & Finance",00023-Banking,00101-Consumer Credit
"32991-Money, Banking, & Finance",00023-Banking,32440-Delinquencies and Delinquency Rates
"32991-Money, Banking, & Finance",00023-Banking,33121-Failures and Assistance Transactions
"32991-Money, Banking, & Finance",00023-Banking,00064-8th District Banking Performance
"32991-Money, Banking, & Finance",00023-Banking,33445-Mortgage Debt Outstanding
"32991-Money, Banking, & Finance",00023-Banking,32439-Net Charge-Offs and Charge-Off Rates
"32991-Money, Banking, & Finance",00023-Banking,00099-Securities & Investments
"32991-Money, Banking, & Finance",00023-Banking,32239-Senior Loan Officer Survey
"32991-Money, Banking, & Finance",00024-Monetary Data,00124-Monetary Base
"32991-Money, Banking, & Finance",00024-Monetary Data,00123-Reserves
"32991-Money, Banking, & Finance",00024-Monetary Data,00025-M1 and Components
"32991-Money, Banking, & Finance",00024-Monetary Data,00029-M2 and Components
"32991-Money, Banking, & Finance",00024-Monetary Data,00096-M2 Minus Small Time Deposits
"32991-Money, Banking, & Finance",00024-Monetary Data,00028-M3 and Components
"32991-Money, Banking, & Finance",00024-Monetary Data,00030-MZM
"32991-Money, Banking, & Finance",00024-Monetary Data,00026-Memorandum Items
"32991-Money, Banking, & Finance",00024-Monetary Data,32242-Money Velocity
"32991-Money, Banking, & Finance",00024-Monetary Data,00122-Borrowings
"32991-Money, Banking, & Finance",00024-Monetary Data,32215-Factors Affecting Reserve Balances
"32991-Money, Banking, & Finance",00024-Monetary Data,"32218-Securities, Loans, & Other Assets & Liabilities Held by Fed"
"32991-Money, Banking, & Finance",00046-Financial Indicators,32414-Bond Market Indexes
"32991-Money, Banking, & Finance",00046-Financial Indicators,33119-Consumer Financial Condition Indexes
"32991-Money, Banking, & Finance",00046-Financial Indicators,32457-Financial Activity Measures
"32991-Money, Banking, & Finance",00046-Financial Indicators,32255-Stock Market Indexes
"32991-Money, Banking, & Finance",00046-Financial Indicators,32425-Volatility Indexes
"32991-Money, Banking, & Finance",32360-Business Lending,32996-Commercial Paper
"32991-Money, Banking, & Finance",32360-Business Lending,32406-Commercial and Industrial Loans by Time that Pricing Terms Were Set and by Commitment
"32991-Money, Banking, & Finance",32360-Business Lending,33439-Commercial and Industrial Loans Backed by Small Business Association
"32991-Money, Banking, & Finance",32360-Business Lending,32361-Commercial and Industrial Loans Made by All Commercial Banks
"32991-Money, Banking, & Finance",32360-Business Lending,32370-Commercial and Industrial Loans Made by Domestic Banks
"32991-Money, Banking, & Finance",32360-Business Lending,32379-Commercial and Industrial Loans Made by Large Domestic Banks
"32991-Money, Banking, & Finance",32360-Business Lending,32388-Commercial and Industrial Loans Made by Small Domestic Banks
"32991-Money, Banking, & Finance",32360-Business Lending,32397-Commercial and Industrial Loans Made by U.S. Branches and Agencies of Foreign Banks
"32991-Money, Banking, & Finance",32360-Business Lending,33440-Commercial and Industrial Loans Made Under Participation or Syndication
32992-National Accounts,00013-U.S. Trade & International Transactions,00016-Exports
32992-National Accounts,00013-U.S. Trade & International Transactions,00017-Imports
32992-National Accounts,00013-U.S. Trade & International Transactions,03000-Income Payments & Receipts
32992-National Accounts,00013-U.S. Trade & International Transactions,33705-International Investment Position
32992-National Accounts,00013-U.S. Trade & International Transactions,00125-Trade Balance
32992-National Accounts,00013-U.S. Trade & International Transactions,00127-U.S. International Finance
32992-National Accounts,00018-National Income & Product Accounts,00112-Domestic Capital Account (Saving & Investment)
32992-National Accounts,00018-National Income & Product Accounts,00108-Foreign Transactions
32992-National Accounts,00018-National Income & Product Accounts,33697-Fixed Assets
32992-National Accounts,00018-National Income & Product Accounts,33122-Gross Domestic Income
32992-National Accounts,00018-National Income & Product Accounts,00106-GDP/GNP
32992-National Accounts,00018-National Income & Product Accounts,"00107-Gov't Receipts, Expenditures & Investment"
32992-National Accounts,00018-National Income & Product Accounts,33719-Health Care Spending
32992-National Accounts,00018-National Income & Product Accounts,33054-Imputations
32992-National Accounts,00018-National Income & Product Accounts,33045-Industry
32992-National Accounts,00018-National Income & Product Accounts,00110-Personal Income & Outlays
32992-National Accounts,00018-National Income & Product Accounts,00021-Price Indexes & Deflators
32992-National Accounts,00018-National Income & Product Accounts,00109-Private Enterprise Income
32992-National Accounts,00018-National Income & Product Accounts,33021-Quantity Indexes
32992-National Accounts,00018-National Income & Product Accounts,33401-Effect of ARRA on Selected NIPA Estimates
32992-National Accounts,32251-Flow of Funds,32258-B.101 Balance Sheet of Households and Nonprofit Organizations
32992-National Accounts,32251-Flow of Funds,32259-B.103 Balance Sheet of Nonfinancial Corporate Business
32992-National Accounts,32251-Flow of Funds,32260-B.104 Balance Sheet of Nonfinancial Noncorporate Business
32992-National Accounts,32251-Flow of Funds,32256-D.3 Credit Market Debt Outstanding by Sector
32992-National Accounts,32251-Flow of Funds,32257-L.1 Credit Market Debt Outstanding
32992-National Accounts,32251-Flow of Funds,33722-L.203 Net Interbank Transactions
32992-National Accounts,32251-Flow of Funds,33726-L.208 Debt Securities
32992-National Accounts,32251-Flow of Funds,33729-L.214 Loans
32992-National Accounts,32251-Flow of Funds,33204-S.1 Total Economy - Current Account
32992-National Accounts,32251-Flow of Funds,33205-S.2 Selected Aggregates for Total Economy and Sectors
32992-National Accounts,32251-Flow of Funds,33240-S.3 Households and Nonprofit Institutions Serving Households
32992-National Accounts,32251-Flow of Funds,33241-S.4 Nonfinancial Noncorporate Business
32992-National Accounts,32251-Flow of Funds,33242-S.5 Nonfinancial Corporate Business
32992-National Accounts,32251-Flow of Funds,33243-S.6 Financial Business
32992-National Accounts,32251-Flow of Funds,33244-S.7 Federal Government
32992-National Accounts,32251-Flow of Funds,33245-S.8 State and Local Governments
32992-National Accounts,32251-Flow of Funds,33246-S.9 Rest of the World
33060-Academic Data,33061-NBER Macrohistory Database,33062-Production of Commodities
33060-Academic Data,33061-NBER Macrohistory Database,33063-Construction
33060-Academic Data,33061-NBER Macrohistory Database,33064-Transportation and Public Utilities
33060-Academic Data,33061-NBER Macrohistory Database,33065-Prices
33060-Academic Data,33061-NBER Macrohistory Database,33066-Stocks of Commodities
33060-Academic Data,33061-NBER Macrohistory Database,33067-Distribution of Commodities
33060-Academic Data,33061-NBER Macrohistory Database,33068-Foreign Trade
33060-Academic Data,33061-NBER Macrohistory Database,33069-Income and Employment
33060-Academic Data,33061-NBER Macrohistory Database,33070-Financial Status of Business
33060-Academic Data,33061-NBER Macrohistory Database,33071-Savings and Investment
33060-Academic Data,33061-NBER Macrohistory Database,33072-Security Markets
33060-Academic Data,33061-NBER Macrohistory Database,33073-Volume of Transactions
33060-Academic Data,33061-NBER Macrohistory Database,33074-Interest Rates
33060-Academic Data,33061-NBER Macrohistory Database,33075-Money and Banking
33060-Academic Data,33061-NBER Macrohistory Database,33076-Government and Finance
33060-Academic Data,33061-NBER Macrohistory Database,33077-Leading Indicators
33060-Academic Data,33100-Penn World Table 7.1,33107-Component Shares of GDP per Capita (Constant Prices)
33060-Academic Data,33100-Penn World Table 7.1,33106-Component Shares of GDP per Capita (Current Prices)
33060-Academic Data,33100-Penn World Table 7.1,33102-Exchange Rates
33060-Academic Data,33100-Penn World Table 7.1,33110-GDP per Capita (Current Prices)
33060-Academic Data,33100-Penn World Table 7.1,"33112-Gross Domestic Income, Adjustments for Changes in Terms of Trade"
33060-Academic Data,33100-Penn World Table 7.1,33105-Openness
33060-Academic Data,33100-Penn World Table 7.1,33101-Population
33060-Academic Data,33100-Penn World Table 7.1,"33104-Price Levels of GDP, Consumption, Government, and Investment"
33060-Academic Data,33100-Penn World Table 7.1,33103-Purchasing Power Parity
33060-Academic Data,33100-Penn World Table 7.1,33118-Purchasing Power Parity Converted GDP
33060-Academic Data,33100-Penn World Table 7.1,33108-Ratio of GNP to GDP
33060-Academic Data,33100-Penn World Table 7.1,33111-Real GDP per Capita (Constant Prices)
33060-Academic Data,33100-Penn World Table 7.1,33109-Real GDP per Capita Relative to U.S.
33060-Academic Data,33100-Penn World Table 7.1,33113-Real GDP per Equivalent Adult
33060-Academic Data,33100-Penn World Table 7.1,33117-Real GDP per Hour Worked by Employees
33060-Academic Data,33100-Penn World Table 7.1,33115-Real GDP per Person Engaged
33060-Academic Data,33100-Penn World Table 7.1,33116-Real GDP per Person Counted in Total Employment
33060-Academic Data,33100-Penn World Table 7.1,33114-Real GDP per Worker
33060-Academic Data,33402-Penn World Table 9.0,"33403-Real GDP, Employment and Population Levels"
33060-Academic Data,33402-Penn World Table 9.0,"33404-Current Price GDP, Capital and Total Factor Productivity"
33060-Academic Data,33402-Penn World Table 9.0,33405-National Accounts-Based Variables
33060-Academic Data,33402-Penn World Table 9.0,33406-Exchange Rates and GDP Price Levels
33060-Academic Data,33402-Penn World Table 9.0,33407-Shares in Output-side Real GDP at Current Purchasing Power Parities
33060-Academic Data,33402-Penn World Table 9.0,"33408-Price Levels, Expenditure Categories and Capital"
33060-Academic Data,"33833-Banking and Monetary Statistics, 1914-1941",33835-Section 1. General Statistics of All Banks in the United States
33060-Academic Data,"33833-Banking and Monetary Statistics, 1914-1941",33837-Section 2. Assets and Liabilities of All Member Banks
33060-Academic Data,33839-A Millennium of Macroeconomic Data for the UK,33845-National Accounts
33060-Academic Data,33839-A Millennium of Macroeconomic Data for the UK,"33843-Labour, Capital and Productivity"
33060-Academic Data,33839-A Millennium of Macroeconomic Data for the UK,33847-Wages and Prices
33060-Academic Data,33839-A Millennium of Macroeconomic Data for the UK,33849-Financial Markets
33060-Academic Data,33839-A Millennium of Macroeconomic Data for the UK,33851-Money and Credit
33060-Academic Data,33839-A Millennium of Macroeconomic Data for the UK,33853-Fiscal
33060-Academic Data,33839-A Millennium of Macroeconomic Data for the UK,33855-Trade
